distractor,target,set,ans,rep_loop4_thisRepN,rep_loop4_thisTrialN,rep_loop4_thisN,rep_loop4_thisIndex,st2_prac_loop_thisRepN,st2_prac_loop_thisTrialN,st2_prac_loop_thisN,st2_prac_loop_thisIndex,block_thisRepN,block_thisTrialN,block_thisN,block_thisIndex,st2_main_loop_thisRepN,st2_main_loop_thisTrialN,st2_main_loop_thisN,st2_main_loop_thisIndex,image_4_started,image_4_stopped,wait_img_started,wait_img_stopped,key_resp_3_keys,key_resp_3_rt,image_5_started,image_5_stopped,ins_rep_img_started,ins_rep_img_stopped,st_prac_back_started,st_prac_back_stopped,prac_img_started,prac_img_stopped,st_fix_back_started,st_fix_back_stopped,st_fix_2_started,st_fix_2_stopped,main_prac,st_ans,st_res,st_corr,st_rt,st_back_started,st_back_stopped,st2_resp_keys,st2_resp_corr,st_main_back_started,st_main_back_stopped,mouse_4_x,mouse_4_y,mouse_4_leftButton,mouse_4_midButton,mouse_4_rightButton,mouse_4_started,mouse_4_stopped,main_key_keys,main_key_rt,main_key_started,main_key_stopped,main_img_started,main_img_stopped,contineu_block_started,contineu_block_stopped,key_resp_9_keys,key_resp_9_rt,key_resp_9_started,key_resp_9_stopped,text_2_started,text_2_stopped,id_,date,expName,psychopyVersion,frameRate
neutral,red,1,k,NaN,NaN,NaN,NaN,0,0,0,10,NaN,NaN,NaN,NaN,NaN,NaN,NaN,NaN,42.2636731000093,None,42.2636731000093,None,space,1.78239919999032,58.6157583000022,None,58.6157583000022,None,60.7808856999909,None,60.7808856999909,None,62.8178515000036,None,62.8178515000036,None,prac,k,k,1,3.56616529999883,64.9844040999888,None,None,0,NaN,,NaN,NaN,NaN,NaN,NaN,NaN,,,NaN,NaN,,NaN,,NaN,,,NaN,NaN,,NaN,,301,2023-08-15_13h14.41.226,Main,2022.1.1,59.7343018224702
positive,red,1,k,NaN,NaN,NaN,NaN,0,1,1,2,NaN,NaN,NaN,NaN,NaN,NaN,NaN,NaN,NaN,,NaN,,,NaN,NaN,,NaN,,NaN,,NaN,,NaN,,NaN,,prac,k,k,1,0.616401099978248,70.5957691000076,None,None,0,NaN,,NaN,NaN,NaN,NaN,NaN,NaN,,,NaN,NaN,,NaN,,NaN,,,NaN,NaN,,NaN,,301,2023-08-15_13h14.41.226,Main,2022.1.1,59.7343018224702
positive,red,1,k,NaN,NaN,NaN,NaN,0,2,2,11,NaN,NaN,NaN,NaN,NaN,NaN,NaN,NaN,NaN,,NaN,,,NaN,NaN,,NaN,,NaN,,NaN,,NaN,,NaN,,prac,k,k,1,0.667806499986909,72.2011626000167,None,None,0,NaN,,NaN,NaN,NaN,NaN,NaN,NaN,,,NaN,NaN,,NaN,,NaN,,,NaN,NaN,,NaN,,301,2023-08-15_13h14.41.226,Main,2022.1.1,59.7343018224702
negative,blue,1,None,NaN,NaN,NaN,NaN,0,3,3,3,NaN,NaN,NaN,NaN,NaN,NaN,NaN,NaN,NaN,,NaN,,,NaN,NaN,,NaN,,NaN,,NaN,,NaN,,NaN,,prac,None,None,1,1.51330510000116,73.8842218999926,None,None,1,NaN,,NaN,NaN,NaN,NaN,NaN,NaN,,,NaN,NaN,,NaN,,NaN,,,NaN,NaN,,NaN,,301,2023-08-15_13h14.41.226,Main,2022.1.1,59.7343018224702
neutral,blue,1,None,NaN,NaN,NaN,NaN,0,4,4,4,NaN,NaN,NaN,NaN,NaN,NaN,NaN,NaN,NaN,,NaN,,,NaN,NaN,,NaN,,NaN,,NaN,,NaN,,NaN,,prac,None,None,1,1.51360000000568,76.3824276000087,None,None,1,NaN,,NaN,NaN,NaN,NaN,NaN,NaN,,,NaN,NaN,,NaN,,NaN,,,NaN,NaN,,NaN,,301,2023-08-15_13h14.41.226,Main,2022.1.1,59.7343018224702
negative,red,1,k,NaN,NaN,NaN,NaN,0,5,5,0,NaN,NaN,NaN,NaN,NaN,NaN,NaN,NaN,NaN,,NaN,,,NaN,NaN,,NaN,,NaN,,NaN,,NaN,,NaN,,prac,k,k,1,0.767315499979304,78.9178494999942,None,None,0,NaN,,NaN,NaN,NaN,NaN,NaN,NaN,,,NaN,NaN,,NaN,,NaN,,,NaN,NaN,,NaN,,301,2023-08-15_13h14.41.226,Main,2022.1.1,59.7343018224702
negative,yellow,1,None,NaN,NaN,NaN,NaN,0,6,6,6,NaN,NaN,NaN,NaN,NaN,NaN,NaN,NaN,NaN,,NaN,,,NaN,NaN,,NaN,,NaN,,NaN,,NaN,,NaN,,prac,None,None,1,1.50957890000427,80.6818313999975,None,None,1,NaN,,NaN,NaN,NaN,NaN,NaN,NaN,,,NaN,NaN,,NaN,,NaN,,,NaN,NaN,,NaN,,301,2023-08-15_13h14.41.226,Main,2022.1.1,59.7343018224702
neutral,yellow,1,None,NaN,NaN,NaN,NaN,0,7,7,7,NaN,NaN,NaN,NaN,NaN,NaN,NaN,NaN,NaN,,NaN,,,NaN,NaN,,NaN,,NaN,,NaN,,NaN,,NaN,,prac,None,None,1,1.51500049998867,83.1797620000143,None,None,1,NaN,,NaN,NaN,NaN,NaN,NaN,NaN,,,NaN,NaN,,NaN,,NaN,,,NaN,NaN,,NaN,,301,2023-08-15_13h14.41.226,Main,2022.1.1,59.7343018224702
neutral,red,1,k,NaN,NaN,NaN,NaN,0,8,8,1,NaN,NaN,NaN,NaN,NaN,NaN,NaN,NaN,NaN,,NaN,,,NaN,NaN,,NaN,,NaN,,NaN,,NaN,,NaN,,prac,k,k,1,8.33083849999821,85.696419200016,None,None,0,NaN,,NaN,NaN,NaN,NaN,NaN,NaN,,,NaN,NaN,,NaN,,NaN,,,NaN,NaN,,NaN,,301,2023-08-15_13h14.41.226,Main,2022.1.1,59.7343018224702
positive,blue,1,None,NaN,NaN,NaN,NaN,0,9,9,5,NaN,NaN,NaN,NaN,NaN,NaN,NaN,NaN,NaN,,NaN,,,NaN,NaN,,NaN,,NaN,,NaN,,NaN,,NaN,,prac,None,None,1,1.52976579999086,96.044861900009,None,None,1,NaN,,NaN,NaN,NaN,NaN,NaN,NaN,,,NaN,NaN,,NaN,,NaN,,,NaN,NaN,,NaN,,301,2023-08-15_13h14.41.226,Main,2022.1.1,59.7343018224702
positive,yellow,1,None,NaN,NaN,NaN,NaN,0,10,10,8,NaN,NaN,NaN,NaN,NaN,NaN,NaN,NaN,NaN,,NaN,,,NaN,NaN,,NaN,,NaN,,NaN,,NaN,,NaN,,prac,None,None,1,1.51973500000895,98.5789378999907,None,None,1,NaN,,NaN,NaN,NaN,NaN,NaN,NaN,,,NaN,NaN,,NaN,,NaN,,,NaN,NaN,,NaN,,301,2023-08-15_13h14.41.226,Main,2022.1.1,59.7343018224702
negative,red,1,k,NaN,NaN,NaN,NaN,0,11,11,9,NaN,NaN,NaN,NaN,NaN,NaN,NaN,NaN,NaN,,NaN,,,NaN,NaN,,NaN,,NaN,,NaN,,NaN,,NaN,,prac,k,k,1,1.26554950000718,101.09756319999,None,None,0,NaN,,NaN,NaN,NaN,NaN,NaN,NaN,,,NaN,NaN,,NaN,,NaN,,,NaN,NaN,,NaN,,301,2023-08-15_13h14.41.226,Main,2022.1.1,59.7343018224702
,,NaN,,NaN,NaN,NaN,NaN,NaN,NaN,NaN,NaN,NaN,NaN,NaN,NaN,NaN,NaN,NaN,NaN,NaN,,NaN,,,NaN,NaN,,NaN,,NaN,,NaN,,NaN,,NaN,,,,,NaN,NaN,NaN,,,NaN,103.366633400001,None,0.0027777778,-0.024074074,0,0,0,0.0112236700078938,None,,NaN,NaN,,NaN,,NaN,,,NaN,NaN,,NaN,,301,2023-08-15_13h14.41.226,Main,2022.1.1,59.7343018224702
,,NaN,,NaN,NaN,NaN,NaN,NaN,NaN,NaN,NaN,NaN,NaN,NaN,NaN,NaN,NaN,NaN,NaN,NaN,,NaN,,,NaN,NaN,,NaN,,NaN,,NaN,,NaN,,NaN,,,,,NaN,NaN,NaN,,,NaN,NaN,,NaN,NaN,NaN,NaN,NaN,NaN,,space,3.93467089999467,103.366633400001,None,NaN,,NaN,,,NaN,NaN,,NaN,,301,2023-08-15_13h14.41.226,Main,2022.1.1,59.7343018224702
negative,red,1,k,NaN,NaN,NaN,NaN,NaN,NaN,NaN,NaN,0,0,0,0,0,0,0,0,NaN,,NaN,,,NaN,NaN,,NaN,,NaN,,NaN,,107.362123900006,None,107.362123900006,None,main,k,k,1,1.20300849998603,109.41128249999,None,None,0,NaN,,NaN,NaN,NaN,NaN,NaN,NaN,,,NaN,NaN,,103.366633400001,None,NaN,,,NaN,NaN,,NaN,,301,2023-08-15_13h14.41.226,Main,2022.1.1,59.7343018224702
positive,yellow,1,None,NaN,NaN,NaN,NaN,NaN,NaN,NaN,NaN,0,0,0,0,0,1,1,8,NaN,,NaN,,,NaN,NaN,,NaN,,NaN,,NaN,,NaN,,NaN,,main,None,None,1,1.49767760001123,111.630625799997,None,None,1,NaN,,NaN,NaN,NaN,NaN,NaN,NaN,,,NaN,NaN,,NaN,,NaN,,,NaN,NaN,,NaN,,301,2023-08-15_13h14.41.226,Main,2022.1.1,59.7343018224702
positive,blue,1,None,NaN,NaN,NaN,NaN,NaN,NaN,NaN,NaN,0,0,0,0,0,2,2,5,NaN,,NaN,,,NaN,NaN,,NaN,,NaN,,NaN,,NaN,,NaN,,main,None,None,1,1.500146699982,114.132563599997,None,None,1,NaN,,NaN,NaN,NaN,NaN,NaN,NaN,,,NaN,NaN,,NaN,,NaN,,,NaN,NaN,,NaN,,301,2023-08-15_13h14.41.226,Main,2022.1.1,59.7343018224702
neutral,red,1,k,NaN,NaN,NaN,NaN,NaN,NaN,NaN,NaN,0,0,0,0,0,3,3,10,NaN,,NaN,,,NaN,NaN,,NaN,,NaN,,NaN,,NaN,,NaN,,main,k,k,1,0.971784900000785,116.629742299992,None,None,0,NaN,,NaN,NaN,NaN,NaN,NaN,NaN,,,NaN,NaN,,NaN,,NaN,,,NaN,NaN,,NaN,,301,2023-08-15_13h14.41.226,Main,2022.1.1,59.7343018224702
negative,blue,1,None,NaN,NaN,NaN,NaN,NaN,NaN,NaN,NaN,0,0,0,0,0,4,4,3,NaN,,NaN,,,NaN,NaN,,NaN,,NaN,,NaN,,NaN,,NaN,,main,None,None,1,1.5037963000068,118.603150200011,None,None,1,NaN,,NaN,NaN,NaN,NaN,NaN,NaN,,,NaN,NaN,,NaN,,NaN,,,NaN,NaN,,NaN,,301,2023-08-15_13h14.41.226,Main,2022.1.1,59.7343018224702
negative,red,1,k,NaN,NaN,NaN,NaN,NaN,NaN,NaN,NaN,0,0,0,0,0,5,5,9,NaN,,NaN,,,NaN,NaN,,NaN,,NaN,,NaN,,NaN,,NaN,,main,k,k,1,0.999768000008771,121.112893600017,None,None,0,NaN,,NaN,NaN,NaN,NaN,NaN,NaN,,,NaN,NaN,,NaN,,NaN,,,NaN,NaN,,NaN,,301,2023-08-15_13h14.41.226,Main,2022.1.1,59.7343018224702
neutral,blue,1,None,NaN,NaN,NaN,NaN,NaN,NaN,NaN,NaN,0,0,0,0,0,6,6,4,NaN,,NaN,,,NaN,NaN,,NaN,,NaN,,NaN,,NaN,,NaN,,main,None,None,1,1.53135260002455,123.112328899995,None,None,1,NaN,,NaN,NaN,NaN,NaN,NaN,NaN,,,NaN,NaN,,NaN,,NaN,,,NaN,NaN,,NaN,,301,2023-08-15_13h14.41.226,Main,2022.1.1,59.7343018224702
negative,yellow,1,None,NaN,NaN,NaN,NaN,NaN,NaN,NaN,NaN,0,0,0,0,0,7,7,6,NaN,,NaN,,,NaN,NaN,,NaN,,NaN,,NaN,,NaN,,NaN,,main,None,None,1,1.50526330000139,125.645558999997,None,None,1,NaN,,NaN,NaN,NaN,NaN,NaN,NaN,,,NaN,NaN,,NaN,,NaN,,,NaN,NaN,,NaN,,301,2023-08-15_13h14.41.226,Main,2022.1.1,59.7343018224702
positive,red,1,k,NaN,NaN,NaN,NaN,NaN,NaN,NaN,NaN,0,0,0,0,0,8,8,2,NaN,,NaN,,,NaN,NaN,,NaN,,NaN,,NaN,,NaN,,NaN,,main,k,k,1,1.02624169999035,128.161717800016,None,None,0,NaN,,NaN,NaN,NaN,NaN,NaN,NaN,,,NaN,NaN,,NaN,,NaN,,,NaN,NaN,,NaN,,301,2023-08-15_13h14.41.226,Main,2022.1.1,59.7343018224702
neutral,red,1,k,NaN,NaN,NaN,NaN,NaN,NaN,NaN,NaN,0,0,0,0,0,9,9,1,NaN,,NaN,,,NaN,NaN,,NaN,,NaN,,NaN,,NaN,,NaN,,main,k,k,1,1.33990500000073,130.19779060001,None,None,0,NaN,,NaN,NaN,NaN,NaN,NaN,NaN,,,NaN,NaN,,NaN,,NaN,,,NaN,NaN,,NaN,,301,2023-08-15_13h14.41.226,Main,2022.1.1,59.7343018224702
positive,red,1,k,NaN,NaN,NaN,NaN,NaN,NaN,NaN,NaN,0,0,0,0,0,10,10,11,NaN,,NaN,,,NaN,NaN,,NaN,,NaN,,NaN,,NaN,,NaN,,main,k,k,1,0.917250800004695,132.530758900015,None,None,0,NaN,,NaN,NaN,NaN,NaN,NaN,NaN,,,NaN,NaN,,NaN,,NaN,,,NaN,NaN,,NaN,,301,2023-08-15_13h14.41.226,Main,2022.1.1,59.7343018224702
neutral,yellow,1,None,NaN,NaN,NaN,NaN,NaN,NaN,NaN,NaN,0,0,0,0,0,11,11,7,NaN,,NaN,,,NaN,NaN,,NaN,,NaN,,NaN,,NaN,,NaN,,main,None,k,0,0.702047700004186,134.463920900016,None,None,1,NaN,,NaN,NaN,NaN,NaN,NaN,NaN,,,NaN,NaN,,NaN,,NaN,,,NaN,NaN,,NaN,,301,2023-08-15_13h14.41.226,Main,2022.1.1,59.7343018224702
neutral,red,1,k,NaN,NaN,NaN,NaN,NaN,NaN,NaN,NaN,0,0,0,0,1,0,12,10,NaN,,NaN,,,NaN,NaN,,NaN,,NaN,,NaN,,NaN,,NaN,,main,k,k,1,1.23681209998904,137.178910199989,None,None,0,NaN,,NaN,NaN,NaN,NaN,NaN,NaN,,,NaN,NaN,,NaN,,NaN,,,NaN,NaN,,NaN,,301,2023-08-15_13h14.41.226,Main,2022.1.1,59.7343018224702
neutral,yellow,1,None,NaN,NaN,NaN,NaN,NaN,NaN,NaN,NaN,0,0,0,0,1,1,13,7,NaN,,NaN,,,NaN,NaN,,NaN,,NaN,,NaN,,NaN,,NaN,,main,None,None,1,1.52614160001394,139.413563400012,None,None,1,NaN,,NaN,NaN,NaN,NaN,NaN,NaN,,,NaN,NaN,,NaN,,NaN,,,NaN,NaN,,NaN,,301,2023-08-15_13h14.41.226,Main,2022.1.1,59.7343018224702
neutral,blue,1,None,NaN,NaN,NaN,NaN,NaN,NaN,NaN,NaN,0,0,0,0,1,2,14,4,NaN,,NaN,,,NaN,NaN,,NaN,,NaN,,NaN,,NaN,,NaN,,main,None,None,1,1.49795989997801,141.945513000013,None,None,1,NaN,,NaN,NaN,NaN,NaN,NaN,NaN,,,NaN,NaN,,NaN,,NaN,,,NaN,NaN,,NaN,,301,2023-08-15_13h14.41.226,Main,2022.1.1,59.7343018224702
negative,blue,1,None,NaN,NaN,NaN,NaN,NaN,NaN,NaN,NaN,0,0,0,0,1,3,15,3,NaN,,NaN,,,NaN,NaN,,NaN,,NaN,,NaN,,NaN,,NaN,,main,None,None,1,1.49788380000973,144.446806099993,None,None,1,NaN,,NaN,NaN,NaN,NaN,NaN,NaN,,,NaN,NaN,,NaN,,NaN,,,NaN,NaN,,NaN,,301,2023-08-15_13h14.41.226,Main,2022.1.1,59.7343018224702
positive,red,1,k,NaN,NaN,NaN,NaN,NaN,NaN,NaN,NaN,0,0,0,0,1,4,16,11,NaN,,NaN,,,NaN,NaN,,NaN,,NaN,,NaN,,NaN,,NaN,,main,k,k,1,1.18542170000728,146.945636299992,None,None,0,NaN,,NaN,NaN,NaN,NaN,NaN,NaN,,,NaN,NaN,,NaN,,NaN,,,NaN,NaN,,NaN,,301,2023-08-15_13h14.41.226,Main,2022.1.1,59.7343018224702
neutral,red,1,k,NaN,NaN,NaN,NaN,NaN,NaN,NaN,NaN,0,0,0,0,1,5,17,1,NaN,,NaN,,,NaN,NaN,,NaN,,NaN,,NaN,,NaN,,NaN,,main,k,k,1,1.2127089999849,149.150798799994,None,None,0,NaN,,NaN,NaN,NaN,NaN,NaN,NaN,,,NaN,NaN,,NaN,,NaN,,,NaN,NaN,,NaN,,301,2023-08-15_13h14.41.226,Main,2022.1.1,59.7343018224702
negative,red,1,k,NaN,NaN,NaN,NaN,NaN,NaN,NaN,NaN,0,0,0,0,1,6,18,0,NaN,,NaN,,,NaN,NaN,,NaN,,NaN,,NaN,,NaN,,NaN,,main,k,k,1,2.01559879997512,151.348226400005,None,None,0,NaN,,NaN,NaN,NaN,NaN,NaN,NaN,,,NaN,NaN,,NaN,,NaN,,,NaN,NaN,,NaN,,301,2023-08-15_13h14.41.226,Main,2022.1.1,59.7343018224702
negative,yellow,1,None,NaN,NaN,NaN,NaN,NaN,NaN,NaN,NaN,0,0,0,0,1,7,19,6,NaN,,NaN,,,NaN,NaN,,NaN,,NaN,,NaN,,NaN,,NaN,,main,None,None,1,1.51956240000436,155.379908900009,None,None,1,NaN,,NaN,NaN,NaN,NaN,NaN,NaN,,,NaN,NaN,,NaN,,NaN,,,NaN,NaN,,NaN,,301,2023-08-15_13h14.41.226,Main,2022.1.1,59.7343018224702
positive,red,1,k,NaN,NaN,NaN,NaN,NaN,NaN,NaN,NaN,0,0,0,0,1,8,20,2,NaN,,NaN,,,NaN,NaN,,NaN,,NaN,,NaN,,NaN,,NaN,,main,k,k,1,1.15046549998806,157.895645899989,None,None,0,NaN,,NaN,NaN,NaN,NaN,NaN,NaN,,,NaN,NaN,,NaN,,NaN,,,NaN,NaN,,NaN,,301,2023-08-15_13h14.41.226,Main,2022.1.1,59.7343018224702
positive,yellow,1,None,NaN,NaN,NaN,NaN,NaN,NaN,NaN,NaN,0,0,0,0,1,9,21,8,NaN,,NaN,,,NaN,NaN,,NaN,,NaN,,NaN,,NaN,,NaN,,main,None,None,1,1.51740179999615,160.065415599995,None,None,1,NaN,,NaN,NaN,NaN,NaN,NaN,NaN,,,NaN,NaN,,NaN,,NaN,,,NaN,NaN,,NaN,,301,2023-08-15_13h14.41.226,Main,2022.1.1,59.7343018224702
positive,blue,1,None,NaN,NaN,NaN,NaN,NaN,NaN,NaN,NaN,0,0,0,0,1,10,22,5,NaN,,NaN,,,NaN,NaN,,NaN,,NaN,,NaN,,NaN,,NaN,,main,None,k,0,0.911934500007192,162.579031400004,None,None,1,NaN,,NaN,NaN,NaN,NaN,NaN,NaN,,,NaN,NaN,,NaN,,NaN,,,NaN,NaN,,NaN,,301,2023-08-15_13h14.41.226,Main,2022.1.1,59.7343018224702
negative,red,1,k,NaN,NaN,NaN,NaN,NaN,NaN,NaN,NaN,0,0,0,0,1,11,23,9,NaN,,NaN,,,NaN,NaN,,NaN,,NaN,,NaN,,NaN,,NaN,,main,k,k,1,1.76930569999968,165.545552099997,None,None,0,NaN,,NaN,NaN,NaN,NaN,NaN,NaN,,,NaN,NaN,,NaN,,NaN,,,NaN,NaN,,NaN,,301,2023-08-15_13h14.41.226,Main,2022.1.1,59.7343018224702
neutral,yellow,1,None,NaN,NaN,NaN,NaN,NaN,NaN,NaN,NaN,0,0,0,0,2,0,24,7,NaN,,NaN,,,NaN,NaN,,NaN,,NaN,,NaN,,NaN,,NaN,,main,None,None,1,1.5089883999899,168.31119919999,None,None,1,NaN,,NaN,NaN,NaN,NaN,NaN,NaN,,,NaN,NaN,,NaN,,NaN,,,NaN,NaN,,NaN,,301,2023-08-15_13h14.41.226,Main,2022.1.1,59.7343018224702
neutral,blue,1,None,NaN,NaN,NaN,NaN,NaN,NaN,NaN,NaN,0,0,0,0,2,1,25,4,NaN,,NaN,,,NaN,NaN,,NaN,,NaN,,NaN,,NaN,,NaN,,main,None,None,1,1.50503860000754,170.802754000004,None,None,1,NaN,,NaN,NaN,NaN,NaN,NaN,NaN,,,NaN,NaN,,NaN,,NaN,,,NaN,NaN,,NaN,,301,2023-08-15_13h14.41.226,Main,2022.1.1,59.7343018224702
neutral,red,1,k,NaN,NaN,NaN,NaN,NaN,NaN,NaN,NaN,0,0,0,0,2,2,26,10,NaN,,NaN,,,NaN,NaN,,NaN,,NaN,,NaN,,NaN,,NaN,,main,k,k,1,2.69253290002234,173.312669400009,None,None,0,NaN,,NaN,NaN,NaN,NaN,NaN,NaN,,,NaN,NaN,,NaN,,NaN,,,NaN,NaN,,NaN,,301,2023-08-15_13h14.41.226,Main,2022.1.1,59.7343018224702
neutral,red,1,k,NaN,NaN,NaN,NaN,NaN,NaN,NaN,NaN,0,0,0,0,2,3,27,1,NaN,,NaN,,,NaN,NaN,,NaN,,NaN,,NaN,,NaN,,NaN,,main,k,k,1,0.955302399990615,178.027857400011,None,None,0,NaN,,NaN,NaN,NaN,NaN,NaN,NaN,,,NaN,NaN,,NaN,,NaN,,,NaN,NaN,,NaN,,301,2023-08-15_13h14.41.226,Main,2022.1.1,59.7343018224702
negative,red,1,k,NaN,NaN,NaN,NaN,NaN,NaN,NaN,NaN,0,0,0,0,2,4,28,0,NaN,,NaN,,,NaN,NaN,,NaN,,NaN,,NaN,,NaN,,NaN,,main,k,k,1,0.87567670000135,179.980315299996,None,None,0,NaN,,NaN,NaN,NaN,NaN,NaN,NaN,,,NaN,NaN,,NaN,,NaN,,,NaN,NaN,,NaN,,301,2023-08-15_13h14.41.226,Main,2022.1.1,59.7343018224702
positive,yellow,1,None,NaN,NaN,NaN,NaN,NaN,NaN,NaN,NaN,0,0,0,0,2,5,29,8,NaN,,NaN,,,NaN,NaN,,NaN,,NaN,,NaN,,NaN,,NaN,,main,None,None,1,1.51504030000069,181.863236900012,None,None,1,NaN,,NaN,NaN,NaN,NaN,NaN,NaN,,,NaN,NaN,,NaN,,NaN,,,NaN,NaN,,NaN,,301,2023-08-15_13h14.41.226,Main,2022.1.1,59.7343018224702
positive,blue,1,None,NaN,NaN,NaN,NaN,NaN,NaN,NaN,NaN,0,0,0,0,2,6,30,5,NaN,,NaN,,,NaN,NaN,,NaN,,NaN,,NaN,,NaN,,NaN,,main,None,None,1,1.51205580000533,184.37961080001,None,None,1,NaN,,NaN,NaN,NaN,NaN,NaN,NaN,,,NaN,NaN,,NaN,,NaN,,,NaN,NaN,,NaN,,301,2023-08-15_13h14.41.226,Main,2022.1.1,59.7343018224702
positive,red,1,k,NaN,NaN,NaN,NaN,NaN,NaN,NaN,NaN,0,0,0,0,2,7,31,2,NaN,,NaN,,,NaN,NaN,,NaN,,NaN,,NaN,,NaN,,NaN,,main,k,k,1,3.06530730001396,186.894205899996,None,None,0,NaN,,NaN,NaN,NaN,NaN,NaN,NaN,,,NaN,NaN,,NaN,,NaN,,,NaN,NaN,,NaN,,301,2023-08-15_13h14.41.226,Main,2022.1.1,59.7343018224702
positive,red,1,k,NaN,NaN,NaN,NaN,NaN,NaN,NaN,NaN,0,0,0,0,2,8,32,11,NaN,,NaN,,,NaN,NaN,,NaN,,NaN,,NaN,,NaN,,NaN,,main,k,k,1,1.48962259999826,191.993772799993,None,None,0,NaN,,NaN,NaN,NaN,NaN,NaN,NaN,,,NaN,NaN,,NaN,,NaN,,,NaN,NaN,,NaN,,301,2023-08-15_13h14.41.226,Main,2022.1.1,59.7343018224702
negative,red,1,k,NaN,NaN,NaN,NaN,NaN,NaN,NaN,NaN,0,0,0,0,2,9,33,9,NaN,,NaN,,,NaN,NaN,,NaN,,NaN,,NaN,,NaN,,NaN,,main,k,k,1,4.70114380001905,194.478594499989,None,None,0,NaN,,NaN,NaN,NaN,NaN,NaN,NaN,,,NaN,NaN,,NaN,,NaN,,,NaN,NaN,,NaN,,301,2023-08-15_13h14.41.226,Main,2022.1.1,59.7343018224702
negative,yellow,1,None,NaN,NaN,NaN,NaN,NaN,NaN,NaN,NaN,0,0,0,0,2,10,34,6,NaN,,NaN,,,NaN,NaN,,NaN,,NaN,,NaN,,NaN,,NaN,,main,None,None,1,1.51355850000982,201.211346399999,None,None,1,NaN,,NaN,NaN,NaN,NaN,NaN,NaN,,,NaN,NaN,,NaN,,NaN,,,NaN,NaN,,NaN,,301,2023-08-15_13h14.41.226,Main,2022.1.1,59.7343018224702
negative,blue,1,None,NaN,NaN,NaN,NaN,NaN,NaN,NaN,NaN,0,0,0,0,2,11,35,3,NaN,,NaN,,,NaN,NaN,,NaN,,NaN,,NaN,,NaN,,NaN,,main,None,None,1,1.4982258999953,203.730822300015,None,None,1,NaN,,NaN,NaN,NaN,NaN,NaN,NaN,,,NaN,NaN,,NaN,,NaN,,,NaN,NaN,,NaN,,301,2023-08-15_13h14.41.226,Main,2022.1.1,59.7343018224702
,,NaN,,NaN,NaN,NaN,NaN,NaN,NaN,NaN,NaN,0,0,0,0,NaN,NaN,NaN,NaN,NaN,,NaN,,,NaN,NaN,,NaN,,NaN,,NaN,,NaN,,NaN,,,,,NaN,NaN,NaN,,,NaN,NaN,,NaN,NaN,NaN,NaN,NaN,NaN,,,NaN,NaN,,NaN,,206.226687799994,None,space,45.0662120000052,206.226687799994,None,NaN,,301,2023-08-15_13h14.41.226,Main,2022.1.1,59.7343018224702
neutral,red,1,k,NaN,NaN,NaN,NaN,NaN,NaN,NaN,NaN,1,0,1,0,0,0,0,1,NaN,,NaN,,,NaN,NaN,,NaN,,NaN,,NaN,,NaN,,NaN,,main,k,k,1,1.69676160000381,251.361517999991,None,None,0,NaN,,NaN,NaN,NaN,NaN,NaN,NaN,,,NaN,NaN,,NaN,,NaN,,,NaN,NaN,,NaN,,301,2023-08-15_13h14.41.226,Main,2022.1.1,59.7343018224702
negative,red,1,k,NaN,NaN,NaN,NaN,NaN,NaN,NaN,NaN,1,0,1,0,0,1,1,0,NaN,,NaN,,,NaN,NaN,,NaN,,NaN,,NaN,,NaN,,NaN,,main,k,k,1,0.831740299996454,254.06428369999,None,None,0,NaN,,NaN,NaN,NaN,NaN,NaN,NaN,,,NaN,NaN,,NaN,,NaN,,,NaN,NaN,,NaN,,301,2023-08-15_13h14.41.226,Main,2022.1.1,59.7343018224702
positive,red,1,k,NaN,NaN,NaN,NaN,NaN,NaN,NaN,NaN,1,0,1,0,0,2,2,11,NaN,,NaN,,,NaN,NaN,,NaN,,NaN,,NaN,,NaN,,NaN,,main,k,k,1,0.91412629999104,255.9124113,None,None,0,NaN,,NaN,NaN,NaN,NaN,NaN,NaN,,,NaN,NaN,,NaN,,NaN,,,NaN,NaN,,NaN,,301,2023-08-15_13h14.41.226,Main,2022.1.1,59.7343018224702
neutral,blue,1,None,NaN,NaN,NaN,NaN,NaN,NaN,NaN,NaN,1,0,1,0,0,3,3,4,NaN,,NaN,,,NaN,NaN,,NaN,,NaN,,NaN,,NaN,,NaN,,main,None,None,1,1.50554680000641,257.835012900003,None,None,1,NaN,,NaN,NaN,NaN,NaN,NaN,NaN,,,NaN,NaN,,NaN,,NaN,,,NaN,NaN,,NaN,,301,2023-08-15_13h14.41.226,Main,2022.1.1,59.7343018224702
negative,blue,1,None,NaN,NaN,NaN,NaN,NaN,NaN,NaN,NaN,1,0,1,0,0,4,4,3,NaN,,NaN,,,NaN,NaN,,NaN,,NaN,,NaN,,NaN,,NaN,,main,None,None,1,1.5270531999995,260.330486599996,None,None,1,NaN,,NaN,NaN,NaN,NaN,NaN,NaN,,,NaN,NaN,,NaN,,NaN,,,NaN,NaN,,NaN,,301,2023-08-15_13h14.41.226,Main,2022.1.1,59.7343018224702
neutral,yellow,1,None,NaN,NaN,NaN,NaN,NaN,NaN,NaN,NaN,1,0,1,0,0,5,5,7,NaN,,NaN,,,NaN,NaN,,NaN,,NaN,,NaN,,NaN,,NaN,,main,None,None,1,1.50604459998431,262.859882099991,None,None,1,NaN,,NaN,NaN,NaN,NaN,NaN,NaN,,,NaN,NaN,,NaN,,NaN,,,NaN,NaN,,NaN,,301,2023-08-15_13h14.41.226,Main,2022.1.1,59.7343018224702
positive,red,1,k,NaN,NaN,NaN,NaN,NaN,NaN,NaN,NaN,1,0,1,0,0,6,6,2,NaN,,NaN,,,NaN,NaN,,NaN,,NaN,,NaN,,NaN,,NaN,,main,k,k,1,1.04882389999693,265.382033500005,None,None,0,NaN,,NaN,NaN,NaN,NaN,NaN,NaN,,,NaN,NaN,,NaN,,NaN,,,NaN,NaN,,NaN,,301,2023-08-15_13h14.41.226,Main,2022.1.1,59.7343018224702
negative,yellow,1,None,NaN,NaN,NaN,NaN,NaN,NaN,NaN,NaN,1,0,1,0,0,7,7,6,NaN,,NaN,,,NaN,NaN,,NaN,,NaN,,NaN,,NaN,,NaN,,main,None,None,1,1.52589799999259,267.413197100017,None,None,1,NaN,,NaN,NaN,NaN,NaN,NaN,NaN,,,NaN,NaN,,NaN,,NaN,,,NaN,NaN,,NaN,,301,2023-08-15_13h14.41.226,Main,2022.1.1,59.7343018224702
neutral,red,1,k,NaN,NaN,NaN,NaN,NaN,NaN,NaN,NaN,1,0,1,0,0,8,8,10,NaN,,NaN,,,NaN,NaN,,NaN,,NaN,,NaN,,NaN,,NaN,,main,k,k,1,1.11648209998384,269.943485600001,None,None,0,NaN,,NaN,NaN,NaN,NaN,NaN,NaN,,,NaN,NaN,,NaN,,NaN,,,NaN,NaN,,NaN,,301,2023-08-15_13h14.41.226,Main,2022.1.1,59.7343018224702
positive,yellow,1,None,NaN,NaN,NaN,NaN,NaN,NaN,NaN,NaN,1,0,1,0,0,9,9,8,NaN,,NaN,,,NaN,NaN,,NaN,,NaN,,NaN,,NaN,,NaN,,main,None,None,1,1.50655779999215,272.062790700002,None,None,1,NaN,,NaN,NaN,NaN,NaN,NaN,NaN,,,NaN,NaN,,NaN,,NaN,,,NaN,NaN,,NaN,,301,2023-08-15_13h14.41.226,Main,2022.1.1,59.7343018224702
negative,red,1,k,NaN,NaN,NaN,NaN,NaN,NaN,NaN,NaN,1,0,1,0,0,10,10,9,NaN,,NaN,,,NaN,NaN,,NaN,,NaN,,NaN,,NaN,,NaN,,main,k,k,1,1.99056619999465,274.578031700017,None,None,0,NaN,,NaN,NaN,NaN,NaN,NaN,NaN,,,NaN,NaN,,NaN,,NaN,,,NaN,NaN,,NaN,,301,2023-08-15_13h14.41.226,Main,2022.1.1,59.7343018224702
positive,blue,1,None,NaN,NaN,NaN,NaN,NaN,NaN,NaN,NaN,1,0,1,0,0,11,11,5,NaN,,NaN,,,NaN,NaN,,NaN,,NaN,,NaN,,NaN,,NaN,,main,None,None,1,1.51082180000958,277.563941700006,None,None,1,NaN,,NaN,NaN,NaN,NaN,NaN,NaN,,,NaN,NaN,,NaN,,NaN,,,NaN,NaN,,NaN,,301,2023-08-15_13h14.41.226,Main,2022.1.1,59.7343018224702
negative,blue,1,None,NaN,NaN,NaN,NaN,NaN,NaN,NaN,NaN,1,0,1,0,1,0,12,3,NaN,,NaN,,,NaN,NaN,,NaN,,NaN,,NaN,,NaN,,NaN,,main,None,k,0,-0.602496000006795,280.075457500003,None,None,1,NaN,,NaN,NaN,NaN,NaN,NaN,NaN,,,NaN,NaN,,NaN,,NaN,,,NaN,NaN,,NaN,,301,2023-08-15_13h14.41.226,Main,2022.1.1,59.7343018224702
neutral,red,1,k,NaN,NaN,NaN,NaN,NaN,NaN,NaN,NaN,1,0,1,0,1,1,13,1,NaN,,NaN,,,NaN,NaN,,NaN,,NaN,,NaN,,NaN,,NaN,,main,k,k,1,6.01044449998881,283.560091799998,None,None,0,NaN,,NaN,NaN,NaN,NaN,NaN,NaN,,,NaN,NaN,,NaN,,NaN,,,NaN,NaN,,NaN,,301,2023-08-15_13h14.41.226,Main,2022.1.1,59.7343018224702
positive,blue,1,None,NaN,NaN,NaN,NaN,NaN,NaN,NaN,NaN,1,0,1,0,1,2,14,5,NaN,,NaN,,,NaN,NaN,,NaN,,NaN,,NaN,,NaN,,NaN,,main,None,None,1,1.52328470000066,291.595709999994,None,None,1,NaN,,NaN,NaN,NaN,NaN,NaN,NaN,,,NaN,NaN,,NaN,,NaN,,,NaN,NaN,,NaN,,301,2023-08-15_13h14.41.226,Main,2022.1.1,59.7343018224702
positive,red,1,k,NaN,NaN,NaN,NaN,NaN,NaN,NaN,NaN,1,0,1,0,1,3,15,2,NaN,,NaN,,,NaN,NaN,,NaN,,NaN,,NaN,,NaN,,NaN,,main,k,k,1,1.15128069999628,294.144207100006,None,None,0,NaN,,NaN,NaN,NaN,NaN,NaN,NaN,,,NaN,NaN,,NaN,,NaN,,,NaN,NaN,,NaN,,301,2023-08-15_13h14.41.226,Main,2022.1.1,59.7343018224702
positive,yellow,1,None,NaN,NaN,NaN,NaN,NaN,NaN,NaN,NaN,1,0,1,0,1,4,16,8,NaN,,NaN,,,NaN,NaN,,NaN,,NaN,,NaN,,NaN,,NaN,,main,None,None,1,1.51878600000055,296.29753370001,None,None,1,NaN,,NaN,NaN,NaN,NaN,NaN,NaN,,,NaN,NaN,,NaN,,NaN,,,NaN,NaN,,NaN,,301,2023-08-15_13h14.41.226,Main,2022.1.1,59.7343018224702
neutral,red,1,k,NaN,NaN,NaN,NaN,NaN,NaN,NaN,NaN,1,0,1,0,1,5,17,10,NaN,,NaN,,,NaN,NaN,,NaN,,NaN,,NaN,,NaN,,NaN,,main,k,k,1,0.817136300000129,298.810638199997,None,None,0,NaN,,NaN,NaN,NaN,NaN,NaN,NaN,,,NaN,NaN,,NaN,,NaN,,,NaN,NaN,,NaN,,301,2023-08-15_13h14.41.226,Main,2022.1.1,59.7343018224702
negative,red,1,k,NaN,NaN,NaN,NaN,NaN,NaN,NaN,NaN,1,0,1,0,1,6,18,0,NaN,,NaN,,,NaN,NaN,,NaN,,NaN,,NaN,,NaN,,NaN,,main,k,k,1,1.00180729999556,300.627817300003,None,None,0,NaN,,NaN,NaN,NaN,NaN,NaN,NaN,,,NaN,NaN,,NaN,,NaN,,,NaN,NaN,,NaN,,301,2023-08-15_13h14.41.226,Main,2022.1.1,59.7343018224702
negative,red,1,k,NaN,NaN,NaN,NaN,NaN,NaN,NaN,NaN,1,0,1,0,1,7,19,9,NaN,,NaN,,,NaN,NaN,,NaN,,NaN,,NaN,,NaN,,NaN,,main,k,k,1,0.769015199999558,302.629032800003,None,None,0,NaN,,NaN,NaN,NaN,NaN,NaN,NaN,,,NaN,NaN,,NaN,,NaN,,,NaN,NaN,,NaN,,301,2023-08-15_13h14.41.226,Main,2022.1.1,59.7343018224702
positive,red,1,k,NaN,NaN,NaN,NaN,NaN,NaN,NaN,NaN,1,0,1,0,1,8,20,11,NaN,,NaN,,,NaN,NaN,,NaN,,NaN,,NaN,,NaN,,NaN,,main,k,k,1,0.838127199996961,304.396157100011,None,None,0,NaN,,NaN,NaN,NaN,NaN,NaN,NaN,,,NaN,NaN,,NaN,,NaN,,,NaN,NaN,,NaN,,301,2023-08-15_13h14.41.226,Main,2022.1.1,59.7343018224702
neutral,blue,1,None,NaN,NaN,NaN,NaN,NaN,NaN,NaN,NaN,1,0,1,0,1,9,21,4,NaN,,NaN,,,NaN,NaN,,NaN,,NaN,,NaN,,NaN,,NaN,,main,None,None,1,1.51727260000189,306.24485019999,None,None,1,NaN,,NaN,NaN,NaN,NaN,NaN,NaN,,,NaN,NaN,,NaN,,NaN,,,NaN,NaN,,NaN,,301,2023-08-15_13h14.41.226,Main,2022.1.1,59.7343018224702
neutral,yellow,1,None,NaN,NaN,NaN,NaN,NaN,NaN,NaN,NaN,1,0,1,0,1,10,22,7,NaN,,NaN,,,NaN,NaN,,NaN,,NaN,,NaN,,NaN,,NaN,,main,None,None,1,1.52204810001422,308.776679600007,None,None,1,NaN,,NaN,NaN,NaN,NaN,NaN,NaN,,,NaN,NaN,,NaN,,NaN,,,NaN,NaN,,NaN,,301,2023-08-15_13h14.41.226,Main,2022.1.1,59.7343018224702
negative,yellow,1,None,NaN,NaN,NaN,NaN,NaN,NaN,NaN,NaN,1,0,1,0,1,11,23,6,NaN,,NaN,,,NaN,NaN,,NaN,,NaN,,NaN,,NaN,,NaN,,main,None,None,1,1.52213890000712,311.292587700009,None,None,1,NaN,,NaN,NaN,NaN,NaN,NaN,NaN,,,NaN,NaN,,NaN,,NaN,,,NaN,NaN,,NaN,,301,2023-08-15_13h14.41.226,Main,2022.1.1,59.7343018224702
positive,red,1,k,NaN,NaN,NaN,NaN,NaN,NaN,NaN,NaN,1,0,1,0,2,0,24,11,NaN,,NaN,,,NaN,NaN,,NaN,,NaN,,NaN,,NaN,,NaN,,main,k,k,1,2.04648419999285,313.82876850001,None,None,0,NaN,,NaN,NaN,NaN,NaN,NaN,NaN,,,NaN,NaN,,NaN,,NaN,,,NaN,NaN,,NaN,,301,2023-08-15_13h14.41.226,Main,2022.1.1,59.7343018224702
neutral,red,1,k,NaN,NaN,NaN,NaN,NaN,NaN,NaN,NaN,1,0,1,0,2,1,25,1,NaN,,NaN,,,NaN,NaN,,NaN,,NaN,,NaN,,NaN,,NaN,,main,k,k,1,1.59536979999393,317.894484899996,None,None,0,NaN,,NaN,NaN,NaN,NaN,NaN,NaN,,,NaN,NaN,,NaN,,NaN,,,NaN,NaN,,NaN,,301,2023-08-15_13h14.41.226,Main,2022.1.1,59.7343018224702
positive,blue,1,None,NaN,NaN,NaN,NaN,NaN,NaN,NaN,NaN,1,0,1,0,2,2,26,5,NaN,,NaN,,,NaN,NaN,,NaN,,NaN,,NaN,,NaN,,NaN,,main,None,None,1,1.50096800000756,320.492947799998,None,None,1,NaN,,NaN,NaN,NaN,NaN,NaN,NaN,,,NaN,NaN,,NaN,,NaN,,,NaN,NaN,,NaN,,301,2023-08-15_13h14.41.226,Main,2022.1.1,59.7343018224702
positive,yellow,1,None,NaN,NaN,NaN,NaN,NaN,NaN,NaN,NaN,1,0,1,0,2,3,27,8,NaN,,NaN,,,NaN,NaN,,NaN,,NaN,,NaN,,NaN,,NaN,,main,None,None,1,1.52170730000944,322.991693499993,None,None,1,NaN,,NaN,NaN,NaN,NaN,NaN,NaN,,,NaN,NaN,,NaN,,NaN,,,NaN,NaN,,NaN,,301,2023-08-15_13h14.41.226,Main,2022.1.1,59.7343018224702
neutral,red,1,k,NaN,NaN,NaN,NaN,NaN,NaN,NaN,NaN,1,0,1,0,2,4,28,10,NaN,,NaN,,,NaN,NaN,,NaN,,NaN,,NaN,,NaN,,NaN,,main,k,k,1,2.59757230000105,325.508571300015,None,None,0,NaN,,NaN,NaN,NaN,NaN,NaN,NaN,,,NaN,NaN,,NaN,,NaN,,,NaN,NaN,,NaN,,301,2023-08-15_13h14.41.226,Main,2022.1.1,59.7343018224702
negative,red,1,k,NaN,NaN,NaN,NaN,NaN,NaN,NaN,NaN,1,0,1,0,2,5,29,0,NaN,,NaN,,,NaN,NaN,,NaN,,NaN,,NaN,,NaN,,NaN,,main,k,k,1,0.921165400010068,330.143089699995,None,None,0,NaN,,NaN,NaN,NaN,NaN,NaN,NaN,,,NaN,NaN,,NaN,,NaN,,,NaN,NaN,,NaN,,301,2023-08-15_13h14.41.226,Main,2022.1.1,59.7343018224702
negative,red,1,k,NaN,NaN,NaN,NaN,NaN,NaN,NaN,NaN,1,0,1,0,2,6,30,9,NaN,,NaN,,,NaN,NaN,,NaN,,NaN,,NaN,,NaN,,NaN,,main,k,k,1,1.47916129999794,332.060047300009,None,None,0,NaN,,NaN,NaN,NaN,NaN,NaN,NaN,,,NaN,NaN,,NaN,,NaN,,,NaN,NaN,,NaN,,301,2023-08-15_13h14.41.226,Main,2022.1.1,59.7343018224702
neutral,blue,1,None,NaN,NaN,NaN,NaN,NaN,NaN,NaN,NaN,1,0,1,0,2,7,31,4,NaN,,NaN,,,NaN,NaN,,NaN,,NaN,,NaN,,NaN,,NaN,,main,None,None,1,1.50842719999491,334.543860500009,None,None,1,NaN,,NaN,NaN,NaN,NaN,NaN,NaN,,,NaN,NaN,,NaN,,NaN,,,NaN,NaN,,NaN,,301,2023-08-15_13h14.41.226,Main,2022.1.1,59.7343018224702
negative,yellow,1,None,NaN,NaN,NaN,NaN,NaN,NaN,NaN,NaN,1,0,1,0,2,8,32,6,NaN,,NaN,,,NaN,NaN,,NaN,,NaN,,NaN,,NaN,,NaN,,main,None,None,1,1.51739270001417,337.059118300007,None,None,1,NaN,,NaN,NaN,NaN,NaN,NaN,NaN,,,NaN,NaN,,NaN,,NaN,,,NaN,NaN,,NaN,,301,2023-08-15_13h14.41.226,Main,2022.1.1,59.7343018224702
negative,blue,1,None,NaN,NaN,NaN,NaN,NaN,NaN,NaN,NaN,1,0,1,0,2,9,33,3,NaN,,NaN,,,NaN,NaN,,NaN,,NaN,,NaN,,NaN,,NaN,,main,None,None,1,1.5003629999992,339.575756100006,None,None,1,NaN,,NaN,NaN,NaN,NaN,NaN,NaN,,,NaN,NaN,,NaN,,NaN,,,NaN,NaN,,NaN,,301,2023-08-15_13h14.41.226,Main,2022.1.1,59.7343018224702
positive,red,1,k,NaN,NaN,NaN,NaN,NaN,NaN,NaN,NaN,1,0,1,0,2,10,34,2,NaN,,NaN,,,NaN,NaN,,NaN,,NaN,,NaN,,NaN,,NaN,,main,k,k,1,1.18103989999508,342.074900600011,None,None,0,NaN,,NaN,NaN,NaN,NaN,NaN,NaN,,,NaN,NaN,,NaN,,NaN,,,NaN,NaN,,NaN,,301,2023-08-15_13h14.41.226,Main,2022.1.1,59.7343018224702
neutral,yellow,1,None,NaN,NaN,NaN,NaN,NaN,NaN,NaN,NaN,1,0,1,0,2,11,35,7,NaN,,NaN,,,NaN,NaN,,NaN,,NaN,,NaN,,NaN,,NaN,,main,None,None,1,1.51238960001501,344.260246199992,None,None,1,NaN,,NaN,NaN,NaN,NaN,NaN,NaN,,,NaN,NaN,,NaN,,NaN,,,NaN,NaN,,NaN,,301,2023-08-15_13h14.41.226,Main,2022.1.1,59.7343018224702
,,NaN,,NaN,NaN,NaN,NaN,NaN,NaN,NaN,NaN,1,0,1,0,NaN,NaN,NaN,NaN,NaN,,NaN,,,NaN,NaN,,NaN,,NaN,,NaN,,NaN,,NaN,,,,,NaN,NaN,NaN,,,NaN,NaN,,NaN,NaN,NaN,NaN,NaN,NaN,,,NaN,NaN,,NaN,,346.77626839999,None,space,43.8915150999965,346.77626839999,None,NaN,,301,2023-08-15_13h14.41.226,Main,2022.1.1,59.7343018224702
positive,red,1,k,NaN,NaN,NaN,NaN,NaN,NaN,NaN,NaN,2,0,2,0,0,0,0,11,NaN,,NaN,,,NaN,NaN,,NaN,,NaN,,NaN,,NaN,,NaN,,main,k,k,1,1.69042739999713,390.73089810001,None,None,0,NaN,,NaN,NaN,NaN,NaN,NaN,NaN,,,NaN,NaN,,NaN,,NaN,,,NaN,NaN,,NaN,,301,2023-08-15_13h14.41.226,Main,2022.1.1,59.7343018224702
neutral,red,1,k,NaN,NaN,NaN,NaN,NaN,NaN,NaN,NaN,2,0,2,0,0,1,1,10,NaN,,NaN,,,NaN,NaN,,NaN,,NaN,,NaN,,NaN,,NaN,,main,k,k,1,0.923871500010137,393.42748720001,None,None,0,NaN,,NaN,NaN,NaN,NaN,NaN,NaN,,,NaN,NaN,,NaN,,NaN,,,NaN,NaN,,NaN,,301,2023-08-15_13h14.41.226,Main,2022.1.1,59.7343018224702
positive,red,1,k,NaN,NaN,NaN,NaN,NaN,NaN,NaN,NaN,2,0,2,0,0,2,2,2,NaN,,NaN,,,NaN,NaN,,NaN,,NaN,,NaN,,NaN,,NaN,,main,k,k,1,1.16641059998074,395.344605799997,None,None,0,NaN,,NaN,NaN,NaN,NaN,NaN,NaN,,,NaN,NaN,,NaN,,NaN,,,NaN,NaN,,NaN,,301,2023-08-15_13h14.41.226,Main,2022.1.1,59.7343018224702
negative,red,1,k,NaN,NaN,NaN,NaN,NaN,NaN,NaN,NaN,2,0,2,0,0,3,3,0,NaN,,NaN,,,NaN,NaN,,NaN,,NaN,,NaN,,NaN,,NaN,,main,k,k,1,1.1286526999902,397.511252600001,None,None,0,NaN,,NaN,NaN,NaN,NaN,NaN,NaN,,,NaN,NaN,,NaN,,NaN,,,NaN,NaN,,NaN,,301,2023-08-15_13h14.41.226,Main,2022.1.1,59.7343018224702
neutral,blue,1,None,NaN,NaN,NaN,NaN,NaN,NaN,NaN,NaN,2,0,2,0,0,4,4,4,NaN,,NaN,,,NaN,NaN,,NaN,,NaN,,NaN,,NaN,,NaN,,main,None,None,1,1.50362669999595,399.64285579999,None,None,1,NaN,,NaN,NaN,NaN,NaN,NaN,NaN,,,NaN,NaN,,NaN,,NaN,,,NaN,NaN,,NaN,,301,2023-08-15_13h14.41.226,Main,2022.1.1,59.7343018224702
positive,yellow,1,None,NaN,NaN,NaN,NaN,NaN,NaN,NaN,NaN,2,0,2,0,0,5,5,8,NaN,,NaN,,,NaN,NaN,,NaN,,NaN,,NaN,,NaN,,NaN,,main,None,None,1,1.51016610002262,402.157288399991,None,None,1,NaN,,NaN,NaN,NaN,NaN,NaN,NaN,,,NaN,NaN,,NaN,,NaN,,,NaN,NaN,,NaN,,301,2023-08-15_13h14.41.226,Main,2022.1.1,59.7343018224702
negative,blue,1,None,NaN,NaN,NaN,NaN,NaN,NaN,NaN,NaN,2,0,2,0,0,6,6,3,NaN,,NaN,,,NaN,NaN,,NaN,,NaN,,NaN,,NaN,,NaN,,main,None,k,0,1.42413050000323,404.657855199999,None,None,1,NaN,,NaN,NaN,NaN,NaN,NaN,NaN,,,NaN,NaN,,NaN,,NaN,,,NaN,NaN,,NaN,,301,2023-08-15_13h14.41.226,Main,2022.1.1,59.7343018224702
positive,blue,1,None,NaN,NaN,NaN,NaN,NaN,NaN,NaN,NaN,2,0,2,0,0,7,7,5,NaN,,NaN,,,NaN,NaN,,NaN,,NaN,,NaN,,NaN,,NaN,,main,None,None,1,1.50818990002153,408.142573399993,None,None,1,NaN,,NaN,NaN,NaN,NaN,NaN,NaN,,,NaN,NaN,,NaN,,NaN,,,NaN,NaN,,NaN,,301,2023-08-15_13h14.41.226,Main,2022.1.1,59.7343018224702
negative,yellow,1,None,NaN,NaN,NaN,NaN,NaN,NaN,NaN,NaN,2,0,2,0,0,8,8,6,NaN,,NaN,,,NaN,NaN,,NaN,,NaN,,NaN,,NaN,,NaN,,main,None,None,1,1.52365930000087,410.64232330001,None,None,1,NaN,,NaN,NaN,NaN,NaN,NaN,NaN,,,NaN,NaN,,NaN,,NaN,,,NaN,NaN,,NaN,,301,2023-08-15_13h14.41.226,Main,2022.1.1,59.7343018224702
neutral,yellow,1,None,NaN,NaN,NaN,NaN,NaN,NaN,NaN,NaN,2,0,2,0,0,9,9,7,NaN,,NaN,,,NaN,NaN,,NaN,,NaN,,NaN,,NaN,,NaN,,main,None,None,1,1.49741469998844,413.174487100012,None,None,1,NaN,,NaN,NaN,NaN,NaN,NaN,NaN,,,NaN,NaN,,NaN,,NaN,,,NaN,NaN,,NaN,,301,2023-08-15_13h14.41.226,Main,2022.1.1,59.7343018224702
negative,red,1,k,NaN,NaN,NaN,NaN,NaN,NaN,NaN,NaN,2,0,2,0,0,10,10,9,NaN,,NaN,,,NaN,NaN,,NaN,,NaN,,NaN,,NaN,,NaN,,main,k,k,1,1.23426249998738,415.673486799991,None,None,0,NaN,,NaN,NaN,NaN,NaN,NaN,NaN,,,NaN,NaN,,NaN,,NaN,,,NaN,NaN,,NaN,,301,2023-08-15_13h14.41.226,Main,2022.1.1,59.7343018224702
neutral,red,1,k,NaN,NaN,NaN,NaN,NaN,NaN,NaN,NaN,2,0,2,0,0,11,11,1,NaN,,NaN,,,NaN,NaN,,NaN,,NaN,,NaN,,NaN,,NaN,,main,k,k,1,0.952934599976288,417.908771000017,None,None,0,NaN,,NaN,NaN,NaN,NaN,NaN,NaN,,,NaN,NaN,,NaN,,NaN,,,NaN,NaN,,NaN,,301,2023-08-15_13h14.41.226,Main,2022.1.1,59.7343018224702
negative,yellow,1,None,NaN,NaN,NaN,NaN,NaN,NaN,NaN,NaN,2,0,2,0,1,0,12,6,NaN,,NaN,,,NaN,NaN,,NaN,,NaN,,NaN,,NaN,,NaN,,main,None,None,1,1.51188390000607,419.860337399994,None,None,1,NaN,,NaN,NaN,NaN,NaN,NaN,NaN,,,NaN,NaN,,NaN,,NaN,,,NaN,NaN,,NaN,,301,2023-08-15_13h14.41.226,Main,2022.1.1,59.7343018224702
neutral,yellow,1,None,NaN,NaN,NaN,NaN,NaN,NaN,NaN,NaN,2,0,2,0,1,1,13,7,NaN,,NaN,,,NaN,NaN,,NaN,,NaN,,NaN,,NaN,,NaN,,main,None,None,1,1.50341159998788,422.377897600003,None,None,1,NaN,,NaN,NaN,NaN,NaN,NaN,NaN,,,NaN,NaN,,NaN,,NaN,,,NaN,NaN,,NaN,,301,2023-08-15_13h14.41.226,Main,2022.1.1,59.7343018224702
neutral,red,1,k,NaN,NaN,NaN,NaN,NaN,NaN,NaN,NaN,2,0,2,0,1,2,14,10,NaN,,NaN,,,NaN,NaN,,NaN,,NaN,,NaN,,NaN,,NaN,,main,k,k,1,1.14245759998448,424.87403929999,None,None,0,NaN,,NaN,NaN,NaN,NaN,NaN,NaN,,,NaN,NaN,,NaN,,NaN,,,NaN,NaN,,NaN,,301,2023-08-15_13h14.41.226,Main,2022.1.1,59.7343018224702
positive,yellow,1,None,NaN,NaN,NaN,NaN,NaN,NaN,NaN,NaN,2,0,2,0,1,3,15,8,NaN,,NaN,,,NaN,NaN,,NaN,,NaN,,NaN,,NaN,,NaN,,main,None,None,1,1.51085809999495,427.026112599997,None,None,1,NaN,,NaN,NaN,NaN,NaN,NaN,NaN,,,NaN,NaN,,NaN,,NaN,,,NaN,NaN,,NaN,,301,2023-08-15_13h14.41.226,Main,2022.1.1,59.7343018224702
neutral,blue,1,None,NaN,NaN,NaN,NaN,NaN,NaN,NaN,NaN,2,0,2,0,1,4,16,4,NaN,,NaN,,,NaN,NaN,,NaN,,NaN,,NaN,,NaN,,NaN,,main,None,None,1,1.50518909998937,429.540934399993,None,None,1,NaN,,NaN,NaN,NaN,NaN,NaN,NaN,,,NaN,NaN,,NaN,,NaN,,,NaN,NaN,,NaN,,301,2023-08-15_13h14.41.226,Main,2022.1.1,59.7343018224702
positive,blue,1,None,NaN,NaN,NaN,NaN,NaN,NaN,NaN,NaN,2,0,2,0,1,5,17,5,NaN,,NaN,,,NaN,NaN,,NaN,,NaN,,NaN,,NaN,,NaN,,main,None,k,0,1.52554569998756,432.061490199994,None,None,1,NaN,,NaN,NaN,NaN,NaN,NaN,NaN,,,NaN,NaN,,NaN,,NaN,,,NaN,NaN,,NaN,,301,2023-08-15_13h14.41.226,Main,2022.1.1,59.7343018224702
positive,red,1,k,NaN,NaN,NaN,NaN,NaN,NaN,NaN,NaN,2,0,2,0,1,6,18,2,NaN,,NaN,,,NaN,NaN,,NaN,,NaN,,NaN,,NaN,,NaN,,main,k,k,1,1.13545729999896,435.612899200001,None,None,0,NaN,,NaN,NaN,NaN,NaN,NaN,NaN,,,NaN,NaN,,NaN,,NaN,,,NaN,NaN,,NaN,,301,2023-08-15_13h14.41.226,Main,2022.1.1,59.7343018224702
negative,red,1,k,NaN,NaN,NaN,NaN,NaN,NaN,NaN,NaN,2,0,2,0,1,7,19,0,NaN,,NaN,,,NaN,NaN,,NaN,,NaN,,NaN,,NaN,,NaN,,main,k,k,1,1.04914889999782,437.742475800012,None,None,0,NaN,,NaN,NaN,NaN,NaN,NaN,NaN,,,NaN,NaN,,NaN,,NaN,,,NaN,NaN,,NaN,,301,2023-08-15_13h14.41.226,Main,2022.1.1,59.7343018224702
positive,red,1,k,NaN,NaN,NaN,NaN,NaN,NaN,NaN,NaN,2,0,2,0,1,8,20,11,NaN,,NaN,,,NaN,NaN,,NaN,,NaN,,NaN,,NaN,,NaN,,main,k,k,1,3.73771850002231,439.79838230001,None,None,0,NaN,,NaN,NaN,NaN,NaN,NaN,NaN,,,NaN,NaN,,NaN,,NaN,,,NaN,NaN,,NaN,,301,2023-08-15_13h14.41.226,Main,2022.1.1,59.7343018224702
negative,red,1,k,NaN,NaN,NaN,NaN,NaN,NaN,NaN,NaN,2,0,2,0,1,9,21,9,NaN,,NaN,,,NaN,NaN,,NaN,,NaN,,NaN,,NaN,,NaN,,main,k,k,1,0.854445700009819,445.575058100017,None,None,0,NaN,,NaN,NaN,NaN,NaN,NaN,NaN,,,NaN,NaN,,NaN,,NaN,,,NaN,NaN,,NaN,,301,2023-08-15_13h14.41.226,Main,2022.1.1,59.7343018224702
neutral,red,1,k,NaN,NaN,NaN,NaN,NaN,NaN,NaN,NaN,2,0,2,0,1,10,22,1,NaN,,NaN,,,NaN,NaN,,NaN,,NaN,,NaN,,NaN,,NaN,,main,k,k,1,1.2664444000111,447.42697130001,None,None,0,NaN,,NaN,NaN,NaN,NaN,NaN,NaN,,,NaN,NaN,,NaN,,NaN,,,NaN,NaN,,NaN,,301,2023-08-15_13h14.41.226,Main,2022.1.1,59.7343018224702
negative,blue,1,None,NaN,NaN,NaN,NaN,NaN,NaN,NaN,NaN,2,0,2,0,1,11,23,3,NaN,,NaN,,,NaN,NaN,,NaN,,NaN,,NaN,,NaN,,NaN,,main,None,k,0,0.649346799997147,449.714377099997,None,None,1,NaN,,NaN,NaN,NaN,NaN,NaN,NaN,,,NaN,NaN,,NaN,,NaN,,,NaN,NaN,,NaN,,301,2023-08-15_13h14.41.226,Main,2022.1.1,59.7343018224702
negative,red,1,k,NaN,NaN,NaN,NaN,NaN,NaN,NaN,NaN,2,0,2,0,2,0,24,9,NaN,,NaN,,,NaN,NaN,,NaN,,NaN,,NaN,,NaN,,NaN,,main,k,k,1,1.43671880001784,452.375381899998,None,None,0,NaN,,NaN,NaN,NaN,NaN,NaN,NaN,,,NaN,NaN,,NaN,,NaN,,,NaN,NaN,,NaN,,301,2023-08-15_13h14.41.226,Main,2022.1.1,59.7343018224702
negative,yellow,1,None,NaN,NaN,NaN,NaN,NaN,NaN,NaN,NaN,2,0,2,0,2,1,25,6,NaN,,NaN,,,NaN,NaN,,NaN,,NaN,,NaN,,NaN,,NaN,,main,None,None,1,1.50133100000676,454.8089645,None,None,1,NaN,,NaN,NaN,NaN,NaN,NaN,NaN,,,NaN,NaN,,NaN,,NaN,,,NaN,NaN,,NaN,,301,2023-08-15_13h14.41.226,Main,2022.1.1,59.7343018224702
neutral,red,1,k,NaN,NaN,NaN,NaN,NaN,NaN,NaN,NaN,2,0,2,0,2,2,26,10,NaN,,NaN,,,NaN,NaN,,NaN,,NaN,,NaN,,NaN,,NaN,,main,k,k,1,1.0988670999941,457.329100100003,None,None,0,NaN,,NaN,NaN,NaN,NaN,NaN,NaN,,,NaN,NaN,,NaN,,NaN,,,NaN,NaN,,NaN,,301,2023-08-15_13h14.41.226,Main,2022.1.1,59.7343018224702
positive,yellow,1,None,NaN,NaN,NaN,NaN,NaN,NaN,NaN,NaN,2,0,2,0,2,3,27,8,NaN,,NaN,,,NaN,NaN,,NaN,,NaN,,NaN,,NaN,,NaN,,main,None,None,1,1.50670270001865,459.425984900008,None,None,1,NaN,,NaN,NaN,NaN,NaN,NaN,NaN,,,NaN,NaN,,NaN,,NaN,,,NaN,NaN,,NaN,,301,2023-08-15_13h14.41.226,Main,2022.1.1,59.7343018224702
positive,red,1,k,NaN,NaN,NaN,NaN,NaN,NaN,NaN,NaN,2,0,2,0,2,4,28,11,NaN,,NaN,,,NaN,NaN,,NaN,,NaN,,NaN,,NaN,,NaN,,main,k,k,1,1.446431999997,461.923192899994,None,None,0,NaN,,NaN,NaN,NaN,NaN,NaN,NaN,,,NaN,NaN,,NaN,,NaN,,,NaN,NaN,,NaN,,301,2023-08-15_13h14.41.226,Main,2022.1.1,59.7343018224702
neutral,yellow,1,None,NaN,NaN,NaN,NaN,NaN,NaN,NaN,NaN,2,0,2,0,2,5,29,7,NaN,,NaN,,,NaN,NaN,,NaN,,NaN,,NaN,,NaN,,NaN,,main,None,None,1,1.51543450000463,464.394506800018,None,None,1,NaN,,NaN,NaN,NaN,NaN,NaN,NaN,,,NaN,NaN,,NaN,,NaN,,,NaN,NaN,,NaN,,301,2023-08-15_13h14.41.226,Main,2022.1.1,59.7343018224702
positive,red,1,k,NaN,NaN,NaN,NaN,NaN,NaN,NaN,NaN,2,0,2,0,2,6,30,2,NaN,,NaN,,,NaN,NaN,,NaN,,NaN,,NaN,,NaN,,NaN,,main,k,k,1,0.942897900007665,466.913558900007,None,None,0,NaN,,NaN,NaN,NaN,NaN,NaN,NaN,,,NaN,NaN,,NaN,,NaN,,,NaN,NaN,,NaN,,301,2023-08-15_13h14.41.226,Main,2022.1.1,59.7343018224702
negative,blue,1,None,NaN,NaN,NaN,NaN,NaN,NaN,NaN,NaN,2,0,2,0,2,7,31,3,NaN,,NaN,,,NaN,NaN,,NaN,,NaN,,NaN,,NaN,,NaN,,main,None,None,1,1.534567900002,468.841259600013,None,None,1,NaN,,NaN,NaN,NaN,NaN,NaN,NaN,,,NaN,NaN,,NaN,,NaN,,,NaN,NaN,,NaN,,301,2023-08-15_13h14.41.226,Main,2022.1.1,59.7343018224702
negative,red,1,k,NaN,NaN,NaN,NaN,NaN,NaN,NaN,NaN,2,0,2,0,2,8,32,0,NaN,,NaN,,,NaN,NaN,,NaN,,NaN,,NaN,,NaN,,NaN,,main,k,k,1,1.2720765999984,471.393941499991,None,None,0,NaN,,NaN,NaN,NaN,NaN,NaN,NaN,,,NaN,NaN,,NaN,,NaN,,,NaN,NaN,,NaN,,301,2023-08-15_13h14.41.226,Main,2022.1.1,59.7343018224702
positive,blue,1,None,NaN,NaN,NaN,NaN,NaN,NaN,NaN,NaN,2,0,2,0,2,9,33,5,NaN,,NaN,,,NaN,NaN,,NaN,,NaN,,NaN,,NaN,,NaN,,main,None,None,1,1.52612300001783,473.643054100015,None,None,1,NaN,,NaN,NaN,NaN,NaN,NaN,NaN,,,NaN,NaN,,NaN,,NaN,,,NaN,NaN,,NaN,,301,2023-08-15_13h14.41.226,Main,2022.1.1,59.7343018224702
neutral,red,1,k,NaN,NaN,NaN,NaN,NaN,NaN,NaN,NaN,2,0,2,0,2,10,34,1,NaN,,NaN,,,NaN,NaN,,NaN,,NaN,,NaN,,NaN,,NaN,,main,k,k,1,1.16264319999027,476.189148300007,None,None,0,NaN,,NaN,NaN,NaN,NaN,NaN,NaN,,,NaN,NaN,,NaN,,NaN,,,NaN,NaN,,NaN,,301,2023-08-15_13h14.41.226,Main,2022.1.1,59.7343018224702
neutral,blue,1,None,NaN,NaN,NaN,NaN,NaN,NaN,NaN,NaN,2,0,2,0,2,11,35,4,NaN,,NaN,,,NaN,NaN,,NaN,,NaN,,NaN,,NaN,,NaN,,main,None,k,0,1.13375070001348,478.341837200016,None,None,1,NaN,,NaN,NaN,NaN,NaN,NaN,NaN,,,NaN,NaN,,NaN,,NaN,,,NaN,NaN,,NaN,,301,2023-08-15_13h14.41.226,Main,2022.1.1,59.7343018224702
,,NaN,,NaN,NaN,NaN,NaN,NaN,NaN,NaN,NaN,2,0,2,0,NaN,NaN,NaN,NaN,NaN,,NaN,,,NaN,NaN,,NaN,,NaN,,NaN,,NaN,,NaN,,,,,NaN,NaN,NaN,,,NaN,NaN,,NaN,NaN,NaN,NaN,NaN,NaN,,,NaN,NaN,,NaN,,481.480782500003,None,space,60.9316527999763,481.480782500003,None,NaN,,301,2023-08-15_13h14.41.226,Main,2022.1.1,59.7343018224702
,,NaN,,NaN,NaN,NaN,NaN,NaN,NaN,NaN,NaN,NaN,NaN,NaN,NaN,NaN,NaN,NaN,NaN,NaN,,NaN,,,NaN,NaN,,NaN,,NaN,,NaN,,NaN,,NaN,,,,,NaN,NaN,NaN,,,NaN,NaN,,NaN,NaN,NaN,NaN,NaN,NaN,,,NaN,NaN,,NaN,,NaN,,,NaN,NaN,,542.441620400001,None,NaN,,,,NaN
